{
    "root_group": {
        "name": "",
        "path": "",
        "id": "d41d8cd98f00b204e9800998ecf8427e",
        "groups": {
            "setup": {
                "name": "setup",
                "path": "::setup",
                "id": "5c0f8025f7e0b6654089e5b00e950f1a",
                "groups": {},
                "checks": {
                        "login status is 200": {
                            "passes": 0,
                            "fails": 1,
                            "name": "login status is 200",
                            "path": "::setup::login status is 200",
                            "id": "bb27b460b057923f4a083e3603c038b9"
                        }
                    }
            }
        },
        "checks": {}
    },
    "metrics": {
        "data_sent": {
            "rate": 77268.63115722332,
            "count": 240
        },
        "http_req_duration": {
            "avg": 0.92839,
            "min": 0.92839,
            "med": 0.92839,
            "p(95)": 0.92839,
            "p(99)": 0.92839,
            "max": 0.92839
        },
        "http_req_connecting": {
            "med": 0.279453,
            "p(95)": 0.279453,
            "p(99)": 0.279453,
            "max": 0.279453,
            "avg": 0.279453,
            "min": 0.279453
        },
        "search_miss_duration": {
            "p(95)": 0,
            "p(99)": 0,
            "max": 0,
            "avg": 0,
            "min": 0,
            "med": 0,
            "thresholds": {
                "p(99)<10000": false,
                "p(95)<3000": false
            }
        },
        "http_reqs": {
            "count": 1,
            "rate": 321.9526298217638
        },
        "http_req_tls_handshaking": {
            "max": 0,
            "avg": 0,
            "min": 0,
            "med": 0,
            "p(95)": 0,
            "p(99)": 0
        },
        "http_req_failed": {
            "passes": 1,
            "fails": 0,
            "value": 1
        },
        "http_req_sending": {
            "avg": 0.079184,
            "min": 0.079184,
            "med": 0.079184,
            "p(95)": 0.079184,
            "p(99)": 0.079184,
            "max": 0.079184
        },
        "candidate_vector_status_duration": {
            "p(95)": 0,
            "p(99)": 0,
            "max": 0,
            "avg": 0,
            "min": 0,
            "med": 0,
            "thresholds": {
                "p(95)<400": false,
                "p(99)<800": false
            }
        },
        "jd_detail_duration": {
            "med": 0,
            "p(95)": 0,
            "p(99)": 0,
            "max": 0,
            "avg": 0,
            "min": 0,
            "thresholds": {
                "p(95)<200": false,
                "p(99)<500": false
            }
        },
        "checks": {
            "passes": 0,
            "fails": 1,
            "thresholds": {
                "rate>0.99": true
            },
            "value": 0
        },
        "http_req_waiting": {
            "min": 0.756137,
            "med": 0.756137,
            "p(95)": 0.756137,
            "p(99)": 0.756137,
            "max": 0.756137,
            "avg": 0.756137
        },
        "search_hit_duration": {
            "avg": 0,
            "min": 0,
            "med": 0,
            "p(95)": 0,
            "p(99)": 0,
            "max": 0,
            "thresholds": {
                "p(95)<100": false,
                "p(99)<300": false
            }
        },
        "http_req_blocked": {
            "min": 1.077409,
            "med": 1.077409,
            "p(95)": 1.077409,
            "p(99)": 1.077409,
            "max": 1.077409,
            "avg": 1.077409
        },
        "jds_duration": {
            "avg": 0,
            "min": 0,
            "med": 0,
            "p(95)": 0,
            "p(99)": 0,
            "max": 0,
            "thresholds": {
                "p(95)<100": false,
                "p(99)<200": false
            }
        },
        "iteration_duration": {
            "med": 2.595498,
            "p(95)": 2.595498,
            "p(99)": 2.595498,
            "max": 2.595498,
            "avg": 2.595498,
            "min": 2.595498
        },
        "candidates_duration": {
            "max": 0,
            "avg": 0,
            "min": 0,
            "med": 0,
            "p(95)": 0,
            "p(99)": 0,
            "thresholds": {
                "p(95)<500": false,
                "p(99)<1000": false
            }
        },
        "resume_health_duration": {
            "avg": 0,
            "min": 0,
            "med": 0,
            "p(95)": 0,
            "p(99)": 0,
            "max": 0,
            "thresholds": {
                "p(95)<100": false,
                "p(99)<200": false
            }
        },
        "audit_log_duration": {
            "p(99)": 0,
            "max": 0,
            "avg": 0,
            "min": 0,
            "med": 0,
            "p(95)": 0,
            "thresholds": {
                "p(95)<200": false,
                "p(99)<500": false
            }
        },
        "http_req_receiving": {
            "p(99)": 0.093069,
            "max": 0.093069,
            "avg": 0.093069,
            "min": 0.093069,
            "med": 0.093069,
            "p(95)": 0.093069
        },
        "data_received": {
            "count": 314,
            "rate": 101093.12576403384
        }
    }
}