{
    "metrics": {
        "candidates_requests": {
            "count": 4056,
            "rate": 53.714898689124574
        },
        "search_miss_requests": {
            "count": 6,
            "rate": 0.07945990930343873
        },
        "jd_detail_duration": {
            "avg": 23.0510899425137,
            "min": 0.78914,
            "med": 16.934956,
            "p(95)": 36.6755278,
            "p(99)": 50.60101274,
            "max": 5778.301594,
            "thresholds": {
                "p(95)<200": false,
                "p(99)<500": false
            }
        },
        "http_req_receiving": {
            "med": 0.308509,
            "p(95)": 2.7128767999999996,
            "p(99)": 7.127920739999981,
            "max": 33.598125,
            "avg": 0.6420148204346349,
            "min": -2435.929558
        },
        "iterations": {
            "count": 38694,
            "rate": 512.4369550978763
        },
        "http_req_connecting": {
            "med": 0,
            "p(95)": 0,
            "p(99)": 0.20781333999999707,
            "max": 8.647889,
            "avg": 0.007543372826171227,
            "min": 0
        },
        "audit_log_requests": {
            "count": 5088,
            "rate": 67.38200308931604
        },
        "candidate_vector_status_failures": {
            "passes": 0,
            "fails": 3849,
            "value": 0
        },
        "search_miss_duration": {
            "avg": 19389.8816275,
            "min": 12222.188292,
            "med": 19433.650642,
            "p(95)": 28053.095229,
            "p(99)": 29455.913363400003,
            "max": 29806.617897,
            "thresholds": {
                "p(95)<3000": true,
                "p(99)<10000": true
            }
        },
        "vus_max": {
            "value": 28,
            "min": 28,
            "max": 28
        },
        "candidate_vector_status_requests": {
            "count": 3849,
            "rate": 50.97353181815594
        },
        "search_miss_failures": {
            "passes": 0,
            "fails": 6,
            "value": 0
        },
        "resume_health_failures": {
            "passes": 0,
            "fails": 10793,
            "value": 0
        },
        "jds_failures": {
            "passes": 0,
            "fails": 7227,
            "value": 0
        },
        "http_req_sending": {
            "max": 14.504138,
            "avg": 0.04000599198945692,
            "min": 0.006696,
            "med": 0.023352,
            "p(95)": 0.0780384,
            "p(99)": 0.20135935999999674
        },
        "http_req_waiting": {
            "avg": 25.13763461172115,
            "min": 0,
            "med": 14.405189,
            "p(95)": 41.161147599999985,
            "p(99)": 58.537986459999935,
            "max": 29806.294775
        },
        "http_req_duration{expected_response:true}": {
            "p(95)": 42.588486099999976,
            "p(99)": 59.94356327999997,
            "max": 29806.617897,
            "avg": 25.819655424145278,
            "min": -2408.302103,
            "med": 15.15814
        },
        "http_req_blocked": {
            "max": 9.239463,
            "avg": 0.014976730122225392,
            "min": 0.00103,
            "med": 0.004113,
            "p(95)": 0.007399099999999999,
            "p(99)": 0.31836659999999894
        },
        "data_received": {
            "count": 219805694,
            "rate": 2910956.751603234
        },
        "candidate_vector_status_duration": {
            "max": 5799.825061,
            "avg": 27.41531283190444,
            "min": 0.431459,
            "med": 20.357524,
            "p(95)": 43.909937799999994,
            "p(99)": 55.86575336,
            "thresholds": {
                "p(99)<800": false,
                "p(95)<400": false
            }
        },
        "search_hit_duration": {
            "avg": 31.697566426451612,
            "min": -2408.302103,
            "med": 15.822559,
            "p(95)": 38.96686144999999,
            "p(99)": 56.79419849999993,
            "max": 5804.228414,
            "thresholds": {
                "p(95)<100": false,
                "p(99)<300": false
            }
        },
        "jds_duration": {
            "avg": 24.366798054932904,
            "min": 0.448949,
            "med": 18.003047,
            "p(95)": 39.2723282,
            "p(99)": 54.638553799999976,
            "max": 5791.653324,
            "thresholds": {
                "p(95)<100": false,
                "p(99)<200": false
            }
        },
        "audit_log_duration": {
            "avg": 19.553282491745307,
            "min": 0.460787,
            "med": 15.251701,
            "p(95)": 33.9578385,
            "p(99)": 45.44995576000001,
            "max": 5792.030838,
            "thresholds": {
                "p(95)<200": false,
                "p(99)<500": false
            }
        },
        "vus": {
            "min": 0,
            "max": 28,
            "value": 1
        },
        "jd_detail_requests": {
            "count": 4575,
            "rate": 60.588180843872024
        },
        "data_sent": {
            "count": 38133263,
            "rate": 505010.93657069595
        },
        "search_hit_requests": {
            "count": 3100,
            "rate": 41.05428647344334
        },
        "http_req_duration": {
            "max": 29806.617897,
            "avg": 25.819655424145278,
            "min": -2408.302103,
            "med": 15.15814,
            "p(95)": 42.588486099999976,
            "p(99)": 59.94356327999997
        },
        "http_req_failed": {
            "fails": 38699,
            "passes": 0,
            "value": 0
        },
        "candidates_duration": {
            "p(95)": 63.177277,
            "p(99)": 84.0484875999999,
            "max": 5795.574831,
            "avg": 43.6607577386588,
            "min": 0.337885,
            "med": 33.3799355,
            "thresholds": {
                "p(99)<1000": false,
                "p(95)<500": false
            }
        },
        "candidates_failures": {
            "passes": 0,
            "fails": 4056,
            "value": 0
        },
        "audit_log_failures": {
            "passes": 0,
            "fails": 5088,
            "value": 0
        },
        "search_hit_failures": {
            "passes": 0,
            "fails": 3100,
            "value": 0
        },
        "iteration_duration": {
            "min": 2.507408,
            "med": 15.54454,
            "p(95)": 42.8804656,
            "p(99)": 59.783253959999996,
            "max": 26463.692343,
            "avg": 22.581051245587336
        },
        "checks": {
            "passes": 38699,
            "fails": 0,
            "thresholds": {
                "rate>0.99": false
            },
            "value": 1
        },
        "http_reqs": {
            "count": 38699,
            "rate": 512.5031716889625
        },
        "http_req_tls_handshaking": {
            "p(95)": 0,
            "p(99)": 0,
            "max": 0,
            "avg": 0,
            "min": 0,
            "med": 0
        },
        "jds_requests": {
            "count": 7227,
            "rate": 95.70946075599194
        },
        "jd_detail_failures": {
            "passes": 0,
            "fails": 4575,
            "value": 0
        },
        "resume_health_requests": {
            "count": 10793,
            "rate": 142.93513351866903
        },
        "resume_health_duration": {
            "p(95)": 17.941536,
            "p(99)": 25.909508199999994,
            "max": 5791.622473,
            "avg": 9.564432302603597,
            "min": 0.073923,
            "med": 6.464739,
            "thresholds": {
                "p(95)<100": false,
                "p(99)<200": false
            }
        }
    },